[
  {
    "name": "Agent",
    "has_child": false,
    "has_self": true,
    "has_others": true,
    "is_self_required": true,
    "is_object": false
  },
  {
    "name": "Driver",
    "has_child": false,
    "has_self": true,
    "has_others": true,
    "is_self_required": true,
    "is_object": false
  },
  {
    "name": "Service Provider",
    "has_child": false,
    "has_self": true,
    "has_others": true,
    "is_self_required": true,
    "is_object": false
  },
  {
    "name": "Fleet Operator",
    "has_child": false,
    "has_self": true,
    "has_others": true,
    "is_self_required": true,
    "is_object": false
  },
  {
    "name": "Vehicle Owner",
    "has_child": false,
    "has_self": false,
    "has_others": false,
    "is_self_required": false,
    "is_object": false
  },
  {
    "name": "Vehicle",
    "has_child": false,
    "has_self": false,
    "has_others": false,
    "is_self_required": false,
    "is_object": true
  },
  {
    "name": "Vehicle Permit",
    "has_child": false,
    "has_self": false,
    "has_others": false,
    "is_self_required": false,
    "is_object": true
  },
  {
    "name": "Dongle / OBD",
    "has_child": false,
    "has_self": false,
    "has_others": false,
    "is_self_required": false,
    "is_object": true
  }
]
